feature,group,description
patient_id,Identifier,Synthetic feature generated for educational ML reproduction.
age,Clinical,Synthetic feature generated for educational ML reproduction.
sex,Clinical,Synthetic feature generated for educational ML reproduction.
fever,Clinical,Synthetic feature generated for educational ML reproduction.
cough,Clinical,Synthetic feature generated for educational ML reproduction.
dyspnea,Clinical,Synthetic feature generated for educational ML reproduction.
fatigue,Clinical,Synthetic feature generated for educational ML reproduction.
headache,Clinical,Synthetic feature generated for educational ML reproduction.
hypertension,Clinical,Synthetic feature generated for educational ML reproduction.
diabetes,Clinical,Synthetic feature generated for educational ML reproduction.
cardiovascular_disease,Clinical,Synthetic feature generated for educational ML reproduction.
copd,Clinical,Synthetic feature generated for educational ML reproduction.
chronic_liver_disease,Clinical,Synthetic feature generated for educational ML reproduction.
chronic_kidney_disease,Clinical,Synthetic feature generated for educational ML reproduction.
cancer,Clinical,Synthetic feature generated for educational ML reproduction.
wbc,Laboratory,Synthetic feature generated for educational ML reproduction.
neutrophil,Laboratory,Synthetic feature generated for educational ML reproduction.
lymphocyte,Laboratory,Synthetic feature generated for educational ML reproduction.
hemoglobin,Laboratory,Synthetic feature generated for educational ML reproduction.
platelet,Laboratory,Synthetic feature generated for educational ML reproduction.
d_dimer,Laboratory,Synthetic feature generated for educational ML reproduction.
crp,Laboratory,Synthetic feature generated for educational ML reproduction.
albumin,Laboratory,Synthetic feature generated for educational ML reproduction.
alt,Laboratory,Synthetic feature generated for educational ML reproduction.
ast,Laboratory,Synthetic feature generated for educational ML reproduction.
bilirubin,Laboratory,Synthetic feature generated for educational ML reproduction.
potassium,Laboratory,Synthetic feature generated for educational ML reproduction.
sodium,Laboratory,Synthetic feature generated for educational ML reproduction.
creatinine,Laboratory,Synthetic feature generated for educational ML reproduction.
ck,Laboratory,Synthetic feature generated for educational ML reproduction.
ldh,Laboratory,Synthetic feature generated for educational ML reproduction.
hbdh,Laboratory,Synthetic feature generated for educational ML reproduction.
firstorder_001,Radiomics,Synthetic feature generated for educational ML reproduction.
firstorder_002,Radiomics,Synthetic feature generated for educational ML reproduction.
firstorder_003,Radiomics,Synthetic feature generated for educational ML reproduction.
firstorder_004,Radiomics,Synthetic feature generated for educational ML reproduction.
firstorder_005,Radiomics,Synthetic feature generated for educational ML reproduction.
firstorder_006,Radiomics,Synthetic feature generated for educational ML reproduction.
firstorder_007,Radiomics,Synthetic feature generated for educational ML reproduction.
firstorder_008,Radiomics,Synthetic feature generated for educational ML reproduction.
firstorder_009,Radiomics,Synthetic feature generated for educational ML reproduction.
firstorder_010,Radiomics,Synthetic feature generated for educational ML reproduction.
firstorder_011,Radiomics,Synthetic feature generated for educational ML reproduction.
firstorder_012,Radiomics,Synthetic feature generated for educational ML reproduction.
firstorder_013,Radiomics,Synthetic feature generated for educational ML reproduction.
firstorder_014,Radiomics,Synthetic feature generated for educational ML reproduction.
firstorder_015,Radiomics,Synthetic feature generated for educational ML reproduction.
firstorder_016,Radiomics,Synthetic feature generated for educational ML reproduction.
firstorder_017,Radiomics,Synthetic feature generated for educational ML reproduction.
firstorder_018,Radiomics,Synthetic feature generated for educational ML reproduction.
firstorder_019,Radiomics,Synthetic feature generated for educational ML reproduction.
firstorder_020,Radiomics,Synthetic feature generated for educational ML reproduction.
firstorder_021,Radiomics,Synthetic feature generated for educational ML reproduction.
firstorder_022,Radiomics,Synthetic feature generated for educational ML reproduction.
firstorder_023,Radiomics,Synthetic feature generated for educational ML reproduction.
firstorder_024,Radiomics,Synthetic feature generated for educational ML reproduction.
firstorder_025,Radiomics,Synthetic feature generated for educational ML reproduction.
glcm_001,Radiomics,Synthetic feature generated for educational ML reproduction.
glcm_002,Radiomics,Synthetic feature generated for educational ML reproduction.
glcm_003,Radiomics,Synthetic feature generated for educational ML reproduction.
glcm_004,Radiomics,Synthetic feature generated for educational ML reproduction.
glcm_005,Radiomics,Synthetic feature generated for educational ML reproduction.
glcm_006,Radiomics,Synthetic feature generated for educational ML reproduction.
glcm_007,Radiomics,Synthetic feature generated for educational ML reproduction.
glcm_008,Radiomics,Synthetic feature generated for educational ML reproduction.
glcm_009,Radiomics,Synthetic feature generated for educational ML reproduction.
glcm_010,Radiomics,Synthetic feature generated for educational ML reproduction.
glcm_011,Radiomics,Synthetic feature generated for educational ML reproduction.
glcm_012,Radiomics,Synthetic feature generated for educational ML reproduction.
glcm_013,Radiomics,Synthetic feature generated for educational ML reproduction.
glcm_014,Radiomics,Synthetic feature generated for educational ML reproduction.
glcm_015,Radiomics,Synthetic feature generated for educational ML reproduction.
glcm_016,Radiomics,Synthetic feature generated for educational ML reproduction.
glcm_017,Radiomics,Synthetic feature generated for educational ML reproduction.
glcm_018,Radiomics,Synthetic feature generated for educational ML reproduction.
glcm_019,Radiomics,Synthetic feature generated for educational ML reproduction.
glcm_020,Radiomics,Synthetic feature generated for educational ML reproduction.
glcm_021,Radiomics,Synthetic feature generated for educational ML reproduction.
glcm_022,Radiomics,Synthetic feature generated for educational ML reproduction.
glcm_023,Radiomics,Synthetic feature generated for educational ML reproduction.
glcm_024,Radiomics,Synthetic feature generated for educational ML reproduction.
glcm_025,Radiomics,Synthetic feature generated for educational ML reproduction.
glszm_001,Radiomics,Synthetic feature generated for educational ML reproduction.
glszm_002,Radiomics,Synthetic feature generated for educational ML reproduction.
glszm_003,Radiomics,Synthetic feature generated for educational ML reproduction.
glszm_004,Radiomics,Synthetic feature generated for educational ML reproduction.
glszm_005,Radiomics,Synthetic feature generated for educational ML reproduction.
glszm_006,Radiomics,Synthetic feature generated for educational ML reproduction.
glszm_007,Radiomics,Synthetic feature generated for educational ML reproduction.
glszm_008,Radiomics,Synthetic feature generated for educational ML reproduction.
glszm_009,Radiomics,Synthetic feature generated for educational ML reproduction.
glszm_010,Radiomics,Synthetic feature generated for educational ML reproduction.
glszm_011,Radiomics,Synthetic feature generated for educational ML reproduction.
glszm_012,Radiomics,Synthetic feature generated for educational ML reproduction.
glszm_013,Radiomics,Synthetic feature generated for educational ML reproduction.
glszm_014,Radiomics,Synthetic feature generated for educational ML reproduction.
glszm_015,Radiomics,Synthetic feature generated for educational ML reproduction.
glszm_016,Radiomics,Synthetic feature generated for educational ML reproduction.
glszm_017,Radiomics,Synthetic feature generated for educational ML reproduction.
glszm_018,Radiomics,Synthetic feature generated for educational ML reproduction.
glszm_019,Radiomics,Synthetic feature generated for educational ML reproduction.
glszm_020,Radiomics,Synthetic feature generated for educational ML reproduction.
glszm_021,Radiomics,Synthetic feature generated for educational ML reproduction.
glszm_022,Radiomics,Synthetic feature generated for educational ML reproduction.
glszm_023,Radiomics,Synthetic feature generated for educational ML reproduction.
glszm_024,Radiomics,Synthetic feature generated for educational ML reproduction.
glszm_025,Radiomics,Synthetic feature generated for educational ML reproduction.
glrlm_001,Radiomics,Synthetic feature generated for educational ML reproduction.
glrlm_002,Radiomics,Synthetic feature generated for educational ML reproduction.
glrlm_003,Radiomics,Synthetic feature generated for educational ML reproduction.
glrlm_004,Radiomics,Synthetic feature generated for educational ML reproduction.
glrlm_005,Radiomics,Synthetic feature generated for educational ML reproduction.
glrlm_006,Radiomics,Synthetic feature generated for educational ML reproduction.
glrlm_007,Radiomics,Synthetic feature generated for educational ML reproduction.
glrlm_008,Radiomics,Synthetic feature generated for educational ML reproduction.
glrlm_009,Radiomics,Synthetic feature generated for educational ML reproduction.
glrlm_010,Radiomics,Synthetic feature generated for educational ML reproduction.
glrlm_011,Radiomics,Synthetic feature generated for educational ML reproduction.
glrlm_012,Radiomics,Synthetic feature generated for educational ML reproduction.
glrlm_013,Radiomics,Synthetic feature generated for educational ML reproduction.
glrlm_014,Radiomics,Synthetic feature generated for educational ML reproduction.
glrlm_015,Radiomics,Synthetic feature generated for educational ML reproduction.
ngtdm_001,Radiomics,Synthetic feature generated for educational ML reproduction.
ngtdm_002,Radiomics,Synthetic feature generated for educational ML reproduction.
ngtdm_003,Radiomics,Synthetic feature generated for educational ML reproduction.
ngtdm_004,Radiomics,Synthetic feature generated for educational ML reproduction.
ngtdm_005,Radiomics,Synthetic feature generated for educational ML reproduction.
ngtdm_006,Radiomics,Synthetic feature generated for educational ML reproduction.
ngtdm_007,Radiomics,Synthetic feature generated for educational ML reproduction.
ngtdm_008,Radiomics,Synthetic feature generated for educational ML reproduction.
ngtdm_009,Radiomics,Synthetic feature generated for educational ML reproduction.
ngtdm_010,Radiomics,Synthetic feature generated for educational ML reproduction.
wavelet_001,Radiomics,Synthetic feature generated for educational ML reproduction.
wavelet_002,Radiomics,Synthetic feature generated for educational ML reproduction.
wavelet_003,Radiomics,Synthetic feature generated for educational ML reproduction.
wavelet_004,Radiomics,Synthetic feature generated for educational ML reproduction.
wavelet_005,Radiomics,Synthetic feature generated for educational ML reproduction.
wavelet_006,Radiomics,Synthetic feature generated for educational ML reproduction.
wavelet_007,Radiomics,Synthetic feature generated for educational ML reproduction.
wavelet_008,Radiomics,Synthetic feature generated for educational ML reproduction.
wavelet_009,Radiomics,Synthetic feature generated for educational ML reproduction.
wavelet_010,Radiomics,Synthetic feature generated for educational ML reproduction.
wavelet_011,Radiomics,Synthetic feature generated for educational ML reproduction.
wavelet_012,Radiomics,Synthetic feature generated for educational ML reproduction.
wavelet_013,Radiomics,Synthetic feature generated for educational ML reproduction.
wavelet_014,Radiomics,Synthetic feature generated for educational ML reproduction.
wavelet_015,Radiomics,Synthetic feature generated for educational ML reproduction.
wavelet_016,Radiomics,Synthetic feature generated for educational ML reproduction.
wavelet_017,Radiomics,Synthetic feature generated for educational ML reproduction.
wavelet_018,Radiomics,Synthetic feature generated for educational ML reproduction.
wavelet_019,Radiomics,Synthetic feature generated for educational ML reproduction.
wavelet_020,Radiomics,Synthetic feature generated for educational ML reproduction.
ICU,Target,Synthetic feature generated for educational ML reproduction.
mechanical_ventilation,Target,Synthetic feature generated for educational ML reproduction.
death,Target,Synthetic feature generated for educational ML reproduction.
